<?xml version="1.0" encoding="UTF-8"?>
<project-private xmlns="http://www.netbeans.org/ns/project-private/1">
    <editor-bookmarks xmlns="http://www.netbeans.org/ns/editor-bookmarks/2" lastBookmarkId="1"/>
    <open-files xmlns="http://www.netbeans.org/ns/projectui-open-files/2">
        <group>
            <file>file:/C:/Users/Angie/OneDrive/Documentos/Adso%20Sena%20(java)/Trimestre%20julio-septiembre%202023/Premio/src/view/ViewPositivo_Negativo.java</file>
            <file>file:/C:/Users/Angie/OneDrive/Documentos/Adso%20Sena%20(java)/Trimestre%20julio-septiembre%202023/Premio/src/Class/ClassEjercicio134.java</file>
            <file>file:/C:/Users/Angie/OneDrive/Documentos/Adso%20Sena%20(java)/Trimestre%20julio-septiembre%202023/Premio/src/view/ViewEjercicio134.java</file>
            <file>file:/C:/Users/Angie/OneDrive/Documentos/Adso%20Sena%20(java)/Trimestre%20julio-septiembre%202023/Premio/src/Class/ClassPositivo_Negativo.java</file>
        </group>
    </open-files>
</project-private>
